{
  "deepseek--deepseek-chat": {
    "total": 1406,
    "correct": 297,
    "accuracy": 0.2112375533428165,
    "by_type": {
      "qualitative": 0.3926940639269406,
      "quantitative": 0.0520694259012016
    },
    "metadata": {
      "judge_type": "deepseek",
      "judge_model": "deepseek-chat",
      "timestamp": "2025-11-23T20:45:13.696584",
      "batch_size": 64
    }
  }
}