{
  "metadata": {
    "n_samples": 1406,
    "n_channels": 16,
    "spatial_size": "64x64",
    "n_categories": 24,
    "random_baseline": 0.041666666666666664,
    "cache_file": "outputs/cosmos_spatial_full.npz"
  },
  "methods": {
    "min_pool": {
      "dims": 16,
      "knn_accuracy": 0.15526315789473685,
      "vs_random": 3.7263157894736847
    },
    "max_pool": {
      "dims": 16,
      "knn_accuracy": 0.14331436699857752,
      "vs_random": 3.4395448079658606
    },
    "mean_pool": {
      "dims": 16,
      "knn_accuracy": 0.08933143669985776,
      "vs_random": 2.1439544807965865
    },
    "std_pool": {
      "dims": 16,
      "knn_accuracy": 0.10064011379800854,
      "vs_random": 2.415362731152205
    },
    "minmax_concat": {
      "dims": 32,
      "knn_accuracy": 0.15519203413940255,
      "vs_random": 3.7246088193456615
    },
    "meanstd_concat": {
      "dims": 32,
      "knn_accuracy": 0.09509246088193457,
      "vs_random": 2.2822190611664297
    },
    "full_stats": {
      "dims": 64,
      "knn_accuracy": 0.15128022759601706,
      "vs_random": 3.6307254623044094
    },
    "spatial_mode": {
      "dims": 65536,
      "knn_accuracy": 0.09267425320056899,
      "vs_random": 2.2241820768136558
    },
    "channel_mode": {
      "dims": 65536,
      "knn_accuracy": 0.09267425320056899,
      "vs_random": 2.2241820768136558
    }
  },
  "per_channel": {
    "ch0": {
      "knn_accuracy": 0.09359886201991466,
      "vs_random": 2.246372688477952,
      "mean": -0.866295337677002,
      "std": 0.9498185515403748
    },
    "ch1": {
      "knn_accuracy": 0.1046230440967283,
      "vs_random": 2.5109530583214794,
      "mean": -0.728024423122406,
      "std": 0.643572986125946
    },
    "ch2": {
      "knn_accuracy": 0.08769559032716927,
      "vs_random": 2.1046941678520628,
      "mean": 4.411386489868164,
      "std": 0.9976534843444824
    },
    "ch3": {
      "knn_accuracy": 0.09075391180654338,
      "vs_random": 2.1780938833570413,
      "mean": 6.345313549041748,
      "std": 0.7668135762214661
    },
    "ch4": {
      "knn_accuracy": 0.08968705547652916,
      "vs_random": 2.1524893314367,
      "mean": -1.6118334531784058,
      "std": 0.5584399700164795
    },
    "ch5": {
      "knn_accuracy": 0.08733997155049787,
      "vs_random": 2.0961593172119493,
      "mean": 1.4672448635101318,
      "std": 0.7576745748519897
    },
    "ch6": {
      "knn_accuracy": 0.08385490753911806,
      "vs_random": 2.0125177809388335,
      "mean": -2.3952090740203857,
      "std": 0.6158148050308228
    },
    "ch7": {
      "knn_accuracy": 0.08819345661450925,
      "vs_random": 2.1166429587482223,
      "mean": -1.2796134948730469,
      "std": 0.9322007894515991
    },
    "ch8": {
      "knn_accuracy": 0.09957325746799431,
      "vs_random": 2.3897581792318636,
      "mean": -6.056177139282227,
      "std": 0.8371448516845703
    },
    "ch9": {
      "knn_accuracy": 0.09502133712660028,
      "vs_random": 2.280512091038407,
      "mean": -1.706005334854126,
      "std": 0.9359884858131409
    },
    "ch10": {
      "knn_accuracy": 0.09039829302987197,
      "vs_random": 2.1695590327169274,
      "mean": 2.539591073989868,
      "std": 0.8179782629013062
    },
    "ch11": {
      "knn_accuracy": 0.09089615931721196,
      "vs_random": 2.181507823613087,
      "mean": 0.5792229175567627,
      "std": 0.33096981048583984
    },
    "ch12": {
      "knn_accuracy": 0.08904694167852062,
      "vs_random": 2.137126600284495,
      "mean": 0.6390137076377869,
      "std": 0.5062748193740845
    },
    "ch13": {
      "knn_accuracy": 0.10071123755334281,
      "vs_random": 2.417069701280228,
      "mean": -2.092764139175415,
      "std": 0.3925890326499939
    },
    "ch14": {
      "knn_accuracy": 0.10953058321479374,
      "vs_random": 2.62873399715505,
      "mean": 4.418747901916504,
      "std": 0.8773729801177979
    },
    "ch15": {
      "knn_accuracy": 0.08769559032716927,
      "vs_random": 2.1046941678520628,
      "mean": 2.5294971466064453,
      "std": 0.4641731083393097
    }
  }
}