{
  "model": "kasohrab/theworld-vsr",
  "dataset": "cambridgeltl/vsr_random",
  "config": {
    "split": "test",
    "num_samples": null,
    "max_new_tokens": 4,
    "temperature": 0.0,
    "image_folder": "/home/hice1/ksohrab3/scratch/theworld/data/images"
  },
  "results": {
    "world_steps_0": {
      "accuracy": 46.19589977220957,
      "correct": 1014,
      "total": 2195,
      "f1_macro": 31.598628856341538,
      "f1_weighted": 29.194541831736053,
      "f1_per_class": {
        "false_0": 63.197257712683076,
        "true_1": 0.0
      },
      "confusion_matrix": [
        [
          1014,
          0
        ],
        [
          1181,
          0
        ]
      ],
      "classification_report": {
        "False (0)": {
          "precision": 0.4619589977220957,
          "recall": 1.0,
          "f1-score": 0.6319725771268307,
          "support": 1014.0
        },
        "True (1)": {
          "precision": 0.0,
          "recall": 0.0,
          "f1-score": 0.0,
          "support": 1181.0
        },
        "accuracy": 0.4619589977220957,
        "macro avg": {
          "precision": 0.23097949886104785,
          "recall": 0.5,
          "f1-score": 0.3159862885634154,
          "support": 2195.0
        },
        "weighted avg": {
          "precision": 0.21340611557640318,
          "recall": 0.4619589977220957,
          "f1-score": 0.29194541831736054,
          "support": 2195.0
        }
      },
      "unparsed_count": 0
    }
  },
  "summary": {
    "mean_accuracy": 46.19589977220957,
    "configurations": 1
  }
}