{
  "deepseek--deepseek-chat": {
    "total": 1406,
    "correct": 336,
    "accuracy": 0.23897581792318634,
    "by_type": {
      "qualitative": 0.426179604261796,
      "quantitative": 0.07476635514018691
    },
    "metadata": {
      "judge_type": "deepseek",
      "judge_model": "deepseek-chat",
      "timestamp": "2025-11-23T01:54:37.746683",
      "batch_size": 64
    }
  }
}